insert into SHOPGRAB.MEMBER (ID, USERNAME, EMAIL, CREATED_AT)
values  (2, 'ramirezjeremy0', 'avilakristin0@yahoo.com', TIMESTAMP '2025-10-16 09:01:40.000000'),
        (3, 'adriana291', 'jamesmurphy1@gmail.com', TIMESTAMP '2025-04-25 10:30:42.000000'),
        (4, 'jordandiaz2', 'ybrown2@yahoo.com', TIMESTAMP '2026-03-20 02:40:23.000000'),
        (5, 'opittman3', 'rjohnson3@hotmail.com', TIMESTAMP '2025-02-23 01:31:05.000000'),
        (6, 'oconnorjoshua4', 'jessica214@gmail.com', TIMESTAMP '2025-07-18 14:04:47.000000'),
        (7, 'christopherhooper5', 'butlerscott5@yahoo.com', TIMESTAMP '2026-01-13 05:31:11.000000'),
        (8, 'ocox6', 'normanbullock6@hotmail.com', TIMESTAMP '2025-03-29 12:46:53.000000'),
        (9, 'jamesmcfarland7', 'timothy607@yahoo.com', TIMESTAMP '2025-11-26 08:58:43.000000'),
        (10, 'zhartman8', 'russellnelson8@hotmail.com', TIMESTAMP '2025-03-04 02:47:18.000000'),
        (11, 'syoung9', 'alexa229@yahoo.com', TIMESTAMP '2025-09-04 05:56:54.000000'),
        (12, 'mthompson10', 'hoffmanteresa10@hotmail.com', TIMESTAMP '2025-03-09 09:07:18.000000'),
        (13, 'davisdavid11', 'hdixon11@gmail.com', TIMESTAMP '2025-10-07 14:03:07.000000');

insert into SHOPGRAB.ADDRESS (ID, NAME, CONTACT_NO, ADDRESS_1, ADDRESS_2, ADDRESS_3, CITY, STATE, POSTCODE, COUNTRY)
values  (1, 'Christopher Hebert', '2778389973', '478 Petersen Bypass Apt. 560', null, null, 'West Paigechester', 'FL ', '79006', 'United States'),
        (2, 'Jason Haas', '5395021937', '78785 Adams Park', null, null, 'Danielville', 'NJ ', '91598', 'United States'),
        (3, 'Zachary Trujillo', '(656)986-7797', '49786 Smith Trail', null, null, 'West Juliastad', 'OK ', '49890', 'United States'),
        (4, 'Robert Caldwell', '(840)658-0052', '81794 Rebecca Meadow', null, null, 'Michaelberg', 'FM ', '37899', 'United States'),
        (5, 'Pamela Watts', '2423359848', '903 Keith Keys', null, null, 'East Clayton', 'MH ', '39898', 'United States'),
        (6, 'Johnny Pierce', '(271)766-8029', '7672 Erica Manor', null, null, 'Hannaville', 'CT ', '42503', 'United States'),
        (7, 'Michael Chavez', '954-676-1612', '03868 Joanna Lock Suite 761', null, null, 'Johnmouth', 'NC ', '82067', 'United States'),
        (8, 'Dana Simmons', '383-956-8687', '864 Terri Club Apt. 528', null, null, 'Brianfurt', 'TX ', '22529', 'United States'),
        (9, 'Christopher Boyd', '6145512088', '5105 Wesley Squares', null, null, 'Myersmouth', 'AK ', '27523', 'United States'),
        (10, 'Stephanie Sweeney', '722-744-2741', '35523 Bates Curve', null, null, 'Saramouth', 'DC ', '67523', 'United States'),
        (11, 'Taylor Grant', '(777)607-5708', '29744 Williamson Path', null, null, 'Benitezbury', 'HI ', '02492', 'United States'),
        (12, 'Brad Davis', '(402)739-4954', '02925 Courtney Inlet', null, null, 'South Richard', 'CT ', '26592', 'United States');

insert into SHOPGRAB.MEMBER_ADDRESS (MEMBER_ID, ADDRESS_ID, IS_PRIMARY)
values  (2, 1, false),
        (3, 2, false),
        (4, 3, false),
        (5, 4, false),
        (6, 5, false),
        (7, 6, false),
        (8, 7, false),
        (9, 8, false),
        (10, 9, false),
        (11, 10, false),
        (12, 11, false),
        (13, 12, false);

ALTER TABLE MEMBER MODIFY ID GENERATED BY DEFAULT AS IDENTITY (START WITH LIMIT VALUE);
ALTER TABLE ADDRESS MODIFY ID GENERATED BY DEFAULT AS IDENTITY (START WITH LIMIT VALUE);


-- 1. RESTAURANT
INSERT INTO RESTAURANT (NAME, CODE, INTRODUCTION_DATE, DESCRIPTION, OPENING_HOUR, CLOSING_HOUR, IS_TEMPORARILY_CLOSED,
                        ADDRESS_ID,
                        CREATED_BY_ID)
VALUES ('Pizza Palace Downtown', 'R1', TIMESTAMP '2025-01-01 0:0:0', 'Best pizza in town', INTERVAL '10' HOUR,
        INTERVAL '22' HOUR, FALSE, 1, 2),
       ('Burger King Express', 'R2', TIMESTAMP '2025-02-03 0:0:0', 'Fast and delicious burgers', INTERVAL '9' HOUR,
        INTERVAL '23' HOUR, FALSE, 2, 3),
       ('Healthy Bites Cafe', 'R3', TIMESTAMP '2025-06-02 0:0:0', 'Organic and healthy options', INTERVAL '8' HOUR,
        INTERVAL '20' HOUR, FALSE, 3, 4),
       ('Tasty Corner', 'R4', TIMESTAMP '2025-03-01 0:0:0', 'Affordable family meals', INTERVAL '11' HOUR,
        INTERVAL '21' HOUR, FALSE, 4, 5),
       ('Pizza Hut Express', 'R5', TIMESTAMP '2025-08-01 0:0:0', 'Famous pan pizzas', INTERVAL '10:30' HOUR TO MINUTE,
        INTERVAL '22:30' HOUR TO MINUTE, FALSE, 5, 6),
       ('Sweet Treats Dessert', 'R6', TIMESTAMP '2025-01-12 0:0:0', 'Delicious desserts', INTERVAL '12' HOUR,
        INTERVAL '22' HOUR, FALSE, 6, 7),
       ('Healthy Pizza Co', 'R7', TIMESTAMP '2025-02-23 0:0:0', 'Gluten free pizza', INTERVAL '10' HOUR,
        INTERVAL '21' HOUR, FALSE, 7, 8),
       ('Coffee Corner', 'R8', TIMESTAMP '2025-01-22 0:0:0', 'Premium coffee', INTERVAL '7' HOUR, INTERVAL '20' HOUR,
        FALSE, 8, 9),
       ('Classic Pizza House', 'R9', TIMESTAMP '2025-01-16 0:0:0', 'Traditional pizza', INTERVAL '11' HOUR,
        INTERVAL '23' HOUR, FALSE, 9, 10),
       ('Tea House', 'R10', TIMESTAMP '2026-01-03 0:0:0', 'Fine tea selection', INTERVAL '9' HOUR, INTERVAL '19' HOUR,
        FALSE, 10, 11),
       ('Noodle King', 'R11', TIMESTAMP '2025-11-04 0:0:0', 'Handmade noodles', INTERVAL '10' HOUR, INTERVAL '22' HOUR,
        FALSE, 11, 12),
       ('Sushi Master', 'R12', TIMESTAMP '2025-09-07 0:0:0', 'Fresh Japanese', INTERVAL '11:30' HOUR TO MINUTE,
        INTERVAL '21:30' HOUR TO MINUTE,
        FALSE, 12, 13);

-- 2. MENU_ITEM_GROUP
INSERT INTO MENU_ITEM_GROUP (NAME, DESCRIPTION)
VALUES ('Pizzas', 'All pizza menu items'),
       ('Burgers', 'Burger selection'),
       ('Beverages', 'Drinks and beverages'),
       ('Sides', 'Side dishes'),
       ('Desserts', 'Sweet treats'),
       ('Coffee', 'Hot beverages'),
       ('Tea', 'Tea selection'),
       ('Noodles', 'Noodle dishes'),
       ('Sushi', 'Japanese sushi'),
       ('Rice Bowls', 'Rice based dishes');

-- 3. PRODUCT_FEATURE
INSERT INTO PRODUCT_FEATURE (NAME, CODE, CREATED_BY_ID)
VALUES
-- Member 1 features (Restaurant 1 - Pizza Palace)
('Regular', 'R1_SIZE_REG', 2),
('Large', 'R1_SIZE_LRG', 2),
('Small', 'R1_SIZE_SML', 2),
('Medium', 'R1_SIZE_MED', 2),
('Personal', 'R1_SIZE_PRS', 2),
('Family', 'R1_SIZE_FAM', 2),
('Thin Crust', 'R1_CRUST_THIN', 2),
('Pan Crust', 'R1_CRUST_PAN', 2),
('Stuffed Crust', 'R1_CRUST_STUFFED', 2),
('Mild', 'R1_SPICE_MILD', 2),
('Medium Spice', 'R1_SPICE_MED', 2),
('Hot', 'R1_SPICE_HOT', 2),
('Extra Cheese', 'R1_TOP_CHEESE', 2),
('Extra Pepperoni', 'R1_TOP_PEPPERONI', 2),
('Extra Mushroom', 'R1_TOP_MUSHROOM', 2),
('Extra Onion', 'R1_TOP_ONION', 2),
('No Onion', 'R1_OPT_NOONION', 2),
('No Garlic', 'R1_OPT_NOGARLIC', 2),

-- Member 2 features (Restaurant 2 - Burger Express)
('Regular', 'R2_SIZE_REG', 3),
('Large', 'R2_SIZE_LRG', 3),
('Family', 'R2_SIZE_FAM', 3),
('Thin Crust', 'R2_CRUST_THIN', 3),
('Cheese Burst', 'R2_CRUST_CHEESE', 3),
('Mild', 'R2_SPICE_MILD', 3),
('Hot', 'R2_SPICE_HOT', 3),
('Extra Hot', 'R2_SPICE_EXTRA', 3),
('Beef Patty', 'R2_PTY_BEEF', 3),
('Chicken Patty', 'R2_PTY_CHICKEN', 3),
('Double Beef', 'R2_PTY_DOUBLE', 3),
('Veggie Patty', 'R2_PTY_VEGGIE', 3),
('Extra Cheese', 'R2_TOP_CHEESE', 3),
('Extra Bacon', 'R2_TOP_BACON', 3),
('Extra Onion', 'R2_TOP_ONION', 3),
('Well Done', 'R2_COOK_WELL', 3),
('Regular Cook', 'R2_COOK_REG', 3),
('Light Cook', 'R2_COOK_LIGHT', 3),

-- Member 3 features (Restaurant 3 - Healthy Bites)
('Small', 'R3_SIZE_SML', 4),
('Medium', 'R3_SIZE_MED', 4),
('Large', 'R3_SIZE_LRG', 4),
('Regular Ice', 'R3_ICE_REG', 4),
('Less Ice', 'R3_ICE_LESS', 4),
('No Ice', 'R3_ICE_NONE', 4),
('Regular Sugar', 'R3_SUG_REG', 4),
('Less Sugar', 'R3_SUG_LESS', 4),
('No Sugar', 'R3_SUG_NONE', 4),
('Lemon Slice', 'R3_OPT_LEMON', 4),
('Mint Leaves', 'R3_OPT_MINT', 4),
('Honey', 'R3_OPT_HONEY', 4),

-- Member 4 features (Restaurant 4 - Tasty Corner)
('Regular', 'R4_SIZE_REG', 5),
('Large', 'R4_SIZE_LRG', 5),
('Ketchup', 'R4_SAUCE_KETCHUP', 5),
('Mayonnaise', 'R4_SAUCE_MAYO', 5),
('BBQ Sauce', 'R4_SAUCE_BBQ', 5),
('Chili Sauce', 'R4_SAUCE_CHILI', 5),
('Well Done', 'R4_COOK_WELL', 5),
('Regular Cook', 'R4_COOK_REG', 5),
('Extra Cheese', 'R4_TOP_CHEESE', 5),
('Extra Bacon', 'R4_TOP_BACON', 5),

-- Member 5 features (Restaurant 5 - Pizza Hut Express)
('Medium', 'R5_SIZE_MED', 6),
('Large', 'R5_SIZE_LRG', 6),
('Extra Large', 'R5_SIZE_XL', 6),
('Stuffed Crust', 'R5_CRUST_STUFFED', 6),
('Cheese Burst', 'R5_CRUST_CHEESE', 6),
('Mild', 'R5_SPICE_MILD', 6),
('Medium Spice', 'R5_SPICE_MED', 6),
('Hot', 'R5_SPICE_HOT', 6),
('Extra Hot', 'R5_SPICE_EXTRA', 6),
('Extra Cheese', 'R5_TOP_CHEESE', 6),
('Extra Pepperoni', 'R5_TOP_PEPPERONI', 6),
('Extra Mushroom', 'R5_TOP_MUSHROOM', 6),
('Extra Sausage', 'R5_TOP_SAUSAGE', 6),

-- Member 6 features (Restaurant 6 - Sweet Treats)
('Small', 'R6_SIZE_SML', 7),
('Medium', 'R6_SIZE_MED', 7),
('Large', 'R6_SIZE_LRG', 7),
('Vanilla', 'R6_FLAV_VANILLA', 7),
('Chocolate', 'R6_FLAV_CHOCOLATE', 7),
('Strawberry', 'R6_FLAV_STRAWBERRY', 7),
('Whipped Cream', 'R6_TOP_WHIPPED', 7),
('Cherry', 'R6_TOP_CHERRY', 7),
('Sprinkles', 'R6_TOP_SPRINKLES', 7),
('Hot Fudge', 'R6_TOP_FUDGE', 7),

-- Member 7 features (Restaurant 7 - Healthy Pizza Co)
('Regular', 'R7_SIZE_REG', 8),
('Large', 'R7_SIZE_LRG', 8),
('Thin Crust', 'R7_CRUST_THIN', 8),
('Gluten Free', 'R7_CRUST_GF', 8),
('Cauliflower', 'R7_CRUST_CAULI', 8),
('No Spice', 'R7_SPICE_NONE', 8),
('Mild', 'R7_SPICE_MILD', 8),
('Extra Cheese', 'R7_TOP_CHEESE', 8),
('Extra Mushroom', 'R7_TOP_MUSHROOM', 8),
('Extra Spinach', 'R7_TOP_SPINACH', 8),
('No Onion', 'R7_OPT_NOONION', 8),
('No Garlic', 'R7_OPT_NOGARLIC', 8),

-- Member 8 features (Restaurant 8 - Coffee Corner)
('Small', 'R8_SIZE_SML', 9),
('Medium', 'R8_SIZE_MED', 9),
('Large', 'R8_SIZE_LRG', 9),
('Espresso Shot', 'R8_ESP_SHOT', 9),
('Double Espresso', 'R8_ESP_DOUBLE', 9),
('Soy Milk', 'R8_MILK_SOY', 9),
('Oat Milk', 'R8_MILK_OAT', 9),
('Almond Milk', 'R8_MILK_ALMOND', 9),
('Vanilla Syrup', 'R8_SYRUP_VANILLA', 9),
('Caramel Syrup', 'R8_SYRUP_CARAMEL', 9),
('Hazelnut Syrup', 'R8_SYRUP_HAZELNUT', 9),

-- Member 9 features (Restaurant 9 - Classic Pizza House)
('Regular', 'R9_SIZE_REG', 10),
('Large', 'R9_SIZE_LRG', 10),
('Thin Crust', 'R9_CRUST_THIN', 10),
('Pan Crust', 'R9_CRUST_PAN', 10),
('Mild', 'R9_SPICE_MILD', 10),
('Medium Spice', 'R9_SPICE_MED', 10),
('Hot', 'R9_SPICE_HOT', 10),
('Extra Cheese', 'R9_TOP_CHEESE', 10),
('Extra Pepperoni', 'R9_TOP_PEPPERONI', 10),
('Extra Sausage', 'R9_TOP_SAUSAGE', 10),
('Extra Mushroom', 'R9_TOP_MUSHROOM', 10),

-- Member 10 features (Restaurant 10 - Tea House)
('Small', 'R10_SIZE_SML', 11),
('Medium', 'R10_SIZE_MED', 11),
('Large', 'R10_SIZE_LRG', 11),
('Green Tea', 'R10_TEA_GREEN', 11),
('Black Tea', 'R10_TEA_BLACK', 11),
('Oolong Tea', 'R10_TEA_OOLONG', 11),
('Jasmine Tea', 'R10_TEA_JASMINE', 11),
('Honey', 'R10_OPT_HONEY', 11),
('Lemon', 'R10_OPT_LEMON', 11),
('Regular Ice', 'R10_ICE_REG', 11),
('No Ice', 'R10_ICE_NONE', 11),
('Regular Sugar', 'R10_SUG_REG', 11),
('No Sugar', 'R10_SUG_NONE', 11),

-- Member 11 features (Restaurant 11 - Noodle King)
('Small', 'R11_SIZE_SML', 12),
('Medium', 'R11_SIZE_MED', 12),
('Large', 'R11_SIZE_LRG', 12),
('Egg Noodles', 'R11_NOOD_EGG', 12),
('Rice Noodles', 'R11_NOOD_RICE', 12),
('Mild', 'R11_SPICE_MILD', 12),
('Medium Spice', 'R11_SPICE_MED', 12),
('Hot', 'R11_SPICE_HOT', 12),
('Extra Noodles', 'R11_EXTRA_NOODLES', 12),
('Extra Meat', 'R11_EXTRA_MEAT', 12),
('Extra Vegetable', 'R11_EXTRA_VEG', 12),

-- Member 12 features (Restaurant 12 - Sushi Master)
('Small', 'R12_SIZE_SML', 13),
('Medium', 'R12_SIZE_MED', 13),
('Large', 'R12_SIZE_LRG', 13),
('Soy Sauce', 'R12_DIP_SOY', 13),
('Wasabi', 'R12_DIP_WASABI', 13),
('Ginger', 'R12_DIP_GINGER', 13),
('Salmon', 'R12_FISH_SALMON', 13),
('Tuna', 'R12_FISH_TUNA', 13),
('Shrimp', 'R12_FISH_SHRIMP', 13),
('Eel', 'R12_FISH_EEL', 13),
('Avocado', 'R12_VEG_AVOCADO', 13),
('Cucumber', 'R12_VEG_CUCUMBER', 13);

-- 4. PRODUCT_CATEGORY (36 records - 3 per restaurant)
INSERT INTO PRODUCT_CATEGORY (NAME, DESCRIPTION, PARENT, CREATED_BY_ID)
VALUES
-- Restaurant 1 categories
('Pizzas', 'Delicious pizzas', NULL, 2),
('Veg Pizzas', 'Vegetarian options', NULL, 2),
('NonVeg Pizzas', 'Meat options', NULL, 2),
-- Restaurant 2 categories
('Burgers', 'Juicy burgers', NULL, 3),
('Chicken Burgers', 'Chicken options', NULL, 3),
('Beef Burgers', 'Beef options', NULL, 3),
-- Restaurant 3 categories
('Beverages', 'Refreshing drinks', NULL, 4),
('Carbonated', 'Soda drinks', NULL, 4),
('Juices', 'Fresh juices', NULL, 4),
-- Restaurant 4 categories
('Sides', 'Perfect sides', NULL, 5),
('Fries', 'Potato sides', NULL, 5),
('Dips', 'Sauces', NULL, 5),
-- Restaurant 5 categories
('Pizzas', 'Specialty pizzas', NULL, 6),
('Premium', 'Premium selection', NULL, 6),
('Classic', 'Classic pizzas', NULL, 6),
-- Restaurant 6 categories
('Desserts', 'Sweet treats', NULL, 7),
('Ice Cream', 'Frozen desserts', NULL, 7),
('Cakes', 'Fresh cakes', NULL, 7),
-- Restaurant 7 categories
('Pizzas', 'Healthy pizzas', NULL, 8),
('Gluten Free', 'GF options', NULL, 8),
('Low Carb', 'Keto options', NULL, 8),
-- Restaurant 8 categories
('Coffee', 'Hot beverages', NULL, 9),
('Espresso', 'Coffee shots', NULL, 9),
('Latte', 'Milk coffee', NULL, 9),
-- Restaurant 9 categories
('Pizzas', 'Classic pizzas', NULL, 10),
('Specialty', 'Chef specials', NULL, 10),
('Signature', 'House specials', NULL, 10),
-- Restaurant 10 categories
('Tea', 'Hot tea', NULL, 11),
('Iced Tea', 'Cold tea', NULL, 11),
('Herbal Tea', 'Caffeine free', NULL, 11),
-- Restaurant 11 categories
('Noodles', 'Noodle dishes', NULL, 12),
('Soup Noodles', 'Broth based', NULL, 12),
('Dry Noodles', 'No broth', NULL, 12),
-- Restaurant 12 categories
('Sushi', 'Japanese sushi', NULL, 13),
('Maki Rolls', 'Rolled sushi', NULL, 13),
('Nigiri', 'Hand pressed', NULL, 13);

UPDATE product_category SET parent = (SELECT id FROM product_category WHERE name = 'Pizzas' AND created_by_id = 2 AND parent IS NULL) WHERE name IN ('Veg Pizzas', 'NonVeg Pizzas') AND created_by_id = 2;
UPDATE product_category SET parent = (SELECT id FROM product_category WHERE name = 'Burgers' AND created_by_id = 3 AND parent IS NULL) WHERE name IN ('Chicken Burgers', 'Beef Burgers') AND created_by_id = 3;
UPDATE product_category SET parent = (SELECT id FROM product_category WHERE name = 'Beverages' AND created_by_id = 4 AND parent IS NULL) WHERE name IN ('Carbonated', 'Juices') AND created_by_id = 4;
UPDATE product_category SET parent = (SELECT id FROM product_category WHERE name = 'Sides' AND created_by_id = 5 AND parent IS NULL) WHERE name IN ('Fries', 'Dips') AND created_by_id = 5;
UPDATE product_category SET parent = (SELECT id FROM product_category WHERE name = 'Pizzas' AND created_by_id = 6 AND parent IS NULL) WHERE name IN ('Premium', 'Classic') AND created_by_id = 6;
UPDATE product_category SET parent = (SELECT id FROM product_category WHERE name = 'Desserts' AND created_by_id = 7 AND parent IS NULL) WHERE name IN ('Ice Cream', 'Cakes') AND created_by_id = 7;
UPDATE product_category SET parent = (SELECT id FROM product_category WHERE name = 'Pizzas' AND created_by_id = 8 AND parent IS NULL) WHERE name IN ('Gluten Free', 'Low Carb') AND created_by_id = 8;
UPDATE product_category SET parent = (SELECT id FROM product_category WHERE name = 'Coffee' AND created_by_id = 9 AND parent IS NULL) WHERE name IN ('Espresso', 'Latte') AND created_by_id = 9;
UPDATE product_category SET parent = (SELECT id FROM product_category WHERE name = 'Pizzas' AND created_by_id = 10 AND parent IS NULL) WHERE name IN ('Specialty', 'Signature') AND created_by_id = 10;
UPDATE product_category SET parent = (SELECT id FROM product_category WHERE name = 'Tea' AND created_by_id = 11 AND parent IS NULL) WHERE name IN ('Iced Tea', 'Herbal Tea') AND created_by_id = 11;
UPDATE product_category SET parent = (SELECT id FROM product_category WHERE name = 'Noodles' AND created_by_id = 12 AND parent IS NULL) WHERE name IN ('Soup Noodles', 'Dry Noodles') AND created_by_id = 12;
UPDATE product_category SET parent = (SELECT id FROM product_category WHERE name = 'Sushi' AND created_by_id = 13 AND parent IS NULL) WHERE name IN ('Maki Rolls', 'Nigiri') AND created_by_id = 13;

-- 5. PRODUCT (36 records - 3 per restaurant)
INSERT INTO PRODUCT (CODE, NAME, DESCRIPTION, INTRODUCTION_DATE, IMAGE_URL, CREATED_BY_ID)
VALUES
-- Restaurant 1 products
('R1PIZ001', 'Margherita Pizza', 'Classic Italian pizza with fresh basil', DATE '2024-01-15',
 '/images/r1/margherita.jpg', 2),
('R1PIZ002', 'Pepperoni Pizza', 'Loaded with premium pepperoni', DATE '2024-01-20', '/images/r1/pepperoni.jpg', 2),
('R1PIZ003', 'Garden Veggie', 'Fresh farm vegetables', DATE '2024-02-01', '/images/r1/veggie.jpg', 2),

-- Restaurant 2 products
('R2BRG001', 'Classic Cheeseburger', 'Beef patty with melted cheese', DATE '2024-02-10', '/images/r2/cheeseburger.jpg',
 3),
('R2BRG002', 'Crispy Chicken Burger', 'Crispy chicken breast', DATE '2024-02-15', '/images/r2/chicken.jpg', 3),
('R2BRG003', 'Double Bacon Burger', 'Double beef with bacon', DATE '2024-03-01', '/images/r2/double-bacon.jpg', 3),

-- Restaurant 3 products
('R3BEV001', 'Cola', 'Classic refreshing cola', DATE '2024-03-10', '/images/r3/cola.jpg', 4),
('R3BEV002', 'Lemonade', 'Fresh squeezed lemonade', DATE '2024-03-15', '/images/r3/lemonade.jpg', 4),
('R3BEV003', 'Iced Lemon Tea', 'Refreshing iced tea', DATE '2024-04-01', '/images/r3/iced-tea.jpg', 4),

-- Restaurant 4 products
('R4SIDE01', 'French Fries', 'Crispy golden fries', DATE '2024-04-10', '/images/r4/fries.jpg', 5),
('R4SIDE02', 'Onion Rings', 'Crispy onion rings', DATE '2024-04-15', '/images/r4/onion-rings.jpg', 5),
('R4SIDE03', 'Chicken Wings', 'Spicy buffalo wings', DATE '2024-05-01', '/images/r4/wings.jpg', 5),

-- Restaurant 5 products
('R5PIZ001', 'Supreme Pizza', 'Loaded with everything', DATE '2024-05-10', '/images/r5/supreme.jpg', 6),
('R5PIZ002', 'BBQ Chicken Pizza', 'Grilled chicken with BBQ sauce', DATE '2024-05-15', '/images/r5/bbq-chicken.jpg', 6),
('R5PIZ003', 'Hawaiian Pizza', 'Ham and pineapple', DATE '2024-06-01', '/images/r5/hawaiian.jpg', 6),

-- Restaurant 6 products
('R6DES001', 'Chocolate Lava Cake', 'Warm molten chocolate', DATE '2024-06-10', '/images/r6/lava-cake.jpg', 7),
('R6DES002', 'Ice Cream Sundae', 'Vanilla with chocolate sauce', DATE '2024-06-15', '/images/r6/sundae.jpg', 7),
('R6DES003', 'Cheesecake', 'New York style', DATE '2024-07-01', '/images/r6/cheesecake.jpg', 7),

-- Restaurant 7 products
('R7PIZ001', 'Gluten Free Margherita', 'GF crust with fresh basil', DATE '2024-07-10', '/images/r7/gf-margherita.jpg',
 8),
('R7PIZ002', 'Veggie Supreme GF', 'GF crust with vegetables', DATE '2024-07-15', '/images/r7/gf-veggie.jpg', 8),
('R7PIZ003', 'Cauliflower Crust Pizza', 'Low carb option', DATE '2024-08-01', '/images/r7/cauliflower.jpg', 8),

-- Restaurant 8 products
('R8COF001', 'Espresso', 'Strong coffee shot', DATE '2024-08-10', '/images/r8/espresso.jpg', 9),
('R8COF002', 'Cappuccino', 'Espresso with steamed milk', DATE '2024-08-15', '/images/r8/cappuccino.jpg', 9),
('R8COF003', 'Latte', 'Smooth coffee with milk', DATE '2024-09-01', '/images/r8/latte.jpg', 9),

-- Restaurant 9 products
('R9PIZ001', 'Meat Lovers Pizza', 'Loaded with meats', DATE '2024-09-10', '/images/r9/meat-lovers.jpg', 10),
('R9PIZ002', 'Four Cheese Pizza', 'Mozzarella, cheddar, parmesan, blue', DATE '2024-09-15',
 '/images/r9/four-cheese.jpg', 10),
('R9PIZ003', 'Mushroom Truffle Pizza', 'Wild mushrooms with truffle oil', DATE '2024-10-01', '/images/r9/truffle.jpg',
 10),

-- Restaurant 10 products
('R10TEA01', 'Green Tea', 'Fresh brewed green tea', DATE '2024-10-10', '/images/r10/green-tea.jpg', 11),
('R10TEA02', 'Black Tea', 'Classic black tea', DATE '2024-10-15', '/images/r10/black-tea.jpg', 11),
('R10TEA03', 'Jasmine Tea', 'Fragrant jasmine tea', DATE '2024-11-01', '/images/r10/jasmine-tea.jpg', 11),

-- Restaurant 11 products
('R11NOD01', 'Wonton Noodle Soup', 'Pork wonton with egg noodles', DATE '2024-11-10', '/images/r11/wonton.jpg', 12),
('R11NOD02', 'Beef Noodle Soup', 'Braised beef with noodles', DATE '2024-11-15', '/images/r11/beef-noodle.jpg', 12),
('R11NOD03', 'Dry Curry Noodles', 'Spicy dry curry noodles', DATE '2024-12-01', '/images/r11/curry-noodle.jpg', 12),

-- Restaurant 12 products
('R12SUS01', 'California Roll', 'Crab, avocado, cucumber', DATE '2024-12-10', '/images/r12/california.jpg', 13),
('R12SUS02', 'Salmon Nigiri', 'Fresh salmon over rice', DATE '2024-12-15', '/images/r12/salmon.jpg', 13),
('R12SUS03', 'Dragon Roll', 'Eel, avocado, cucumber', DATE '2024-12-20', '/images/r12/dragon.jpg', 13);

CREATE OR REPLACE FUNCTION get_product_category_id(
    p_product_code VARCHAR2,
    p_created_by_id NUMBER
) RETURN NUMBER IS
    v_category_id NUMBER;
BEGIN
    -- Restaurant 1 - Pizza products
    IF p_created_by_id = 2 THEN
        IF p_product_code = 'R1PIZ001' THEN
            SELECT id INTO v_category_id FROM product_category WHERE name = 'Veg Pizzas' AND created_by_id = 2;
        ELSIF p_product_code = 'R1PIZ002' THEN
            SELECT id INTO v_category_id FROM product_category WHERE name = 'NonVeg Pizzas' AND created_by_id = 2;
        ELSIF p_product_code = 'R1PIZ003' THEN
            SELECT id INTO v_category_id FROM product_category WHERE name = 'Veg Pizzas' AND created_by_id = 2;
        END IF;

        -- Restaurant 2 - Burger products
    ELSIF p_created_by_id = 3 THEN
        IF p_product_code = 'R2BRG001' THEN
            SELECT id INTO v_category_id FROM product_category WHERE name = 'Beef Burgers' AND created_by_id = 3;
        ELSIF p_product_code = 'R2BRG002' THEN
            SELECT id INTO v_category_id FROM product_category WHERE name = 'Chicken Burgers' AND created_by_id = 3;
        ELSIF p_product_code = 'R2BRG003' THEN
            SELECT id INTO v_category_id FROM product_category WHERE name = 'Beef Burgers' AND created_by_id = 3;
        END IF;

        -- Restaurant 3 - Beverage products
    ELSIF p_created_by_id = 4 THEN
        IF p_product_code = 'R3BEV001' OR p_product_code = 'R3BEV003' THEN
            SELECT id INTO v_category_id FROM product_category WHERE name = 'Carbonated' AND created_by_id = 4;
        ELSIF p_product_code = 'R3BEV002' THEN
            SELECT id INTO v_category_id FROM product_category WHERE name = 'Juices' AND created_by_id = 4;
        END IF;

        -- Restaurant 4 - Side products
    ELSIF p_created_by_id = 5 THEN
        IF p_product_code IN ('R4SIDE01', 'R4SIDE02', 'R4SIDE03') THEN
            SELECT id INTO v_category_id FROM product_category WHERE name = 'Fries' AND created_by_id = 5;
        END IF;

        -- Restaurant 5 - Pizza products
    ELSIF p_created_by_id = 6 THEN
        IF p_product_code IN ('R5PIZ001', 'R5PIZ002', 'R5PIZ003') THEN
            SELECT id INTO v_category_id FROM product_category WHERE name = 'Premium' AND created_by_id = 6;
        END IF;

        -- Restaurant 6 - Dessert products
    ELSIF p_created_by_id = 7 THEN
        IF p_product_code = 'R6DES001' THEN
            SELECT id INTO v_category_id FROM product_category WHERE name = 'Ice Cream' AND created_by_id = 7;
        ELSIF p_product_code = 'R6DES002' THEN
            SELECT id INTO v_category_id FROM product_category WHERE name = 'Ice Cream' AND created_by_id = 7;
        ELSIF p_product_code = 'R6DES003' THEN
            SELECT id INTO v_category_id FROM product_category WHERE name = 'Cakes' AND created_by_id = 7;
        END IF;

        -- Restaurant 7 - Healthy Pizza products
    ELSIF p_created_by_id = 8 THEN
        IF p_product_code IN ('R7PIZ001', 'R7PIZ002', 'R7PIZ003') THEN
            SELECT id INTO v_category_id FROM product_category WHERE name = 'Gluten Free' AND created_by_id = 8;
        END IF;

        -- Restaurant 8 - Coffee products
    ELSIF p_created_by_id = 9 THEN
        IF p_product_code = 'R8COF001' THEN
            SELECT id INTO v_category_id FROM product_category WHERE name = 'Espresso' AND created_by_id = 9;
        ELSIF p_product_code IN ('R8COF002', 'R8COF003') THEN
            SELECT id INTO v_category_id FROM product_category WHERE name = 'Latte' AND created_by_id = 9;
        END IF;

        -- Restaurant 9 - Classic Pizza products
    ELSIF p_created_by_id = 10 THEN
        IF p_product_code IN ('R9PIZ001', 'R9PIZ002', 'R9PIZ003') THEN
            SELECT id INTO v_category_id FROM product_category WHERE name = 'Specialty' AND created_by_id = 10;
        END IF;

        -- Restaurant 10 - Tea products
    ELSIF p_created_by_id = 11 THEN
        IF p_product_code IN ('R10TEA01', 'R10TEA02') THEN
            SELECT id INTO v_category_id FROM product_category WHERE name = 'Tea' AND created_by_id = 11;
        ELSIF p_product_code = 'R10TEA03' THEN
            SELECT id INTO v_category_id FROM product_category WHERE name = 'Iced Tea' AND created_by_id = 11;
        END IF;

        -- Restaurant 11 - Noodle products
    ELSIF p_created_by_id = 12 THEN
        IF p_product_code IN ('R11NOD01', 'R11NOD02') THEN
            SELECT id INTO v_category_id FROM product_category WHERE name = 'Soup Noodles' AND created_by_id = 12;
        ELSIF p_product_code = 'R11NOD03' THEN
            SELECT id INTO v_category_id FROM product_category WHERE name = 'Dry Noodles' AND created_by_id = 12;
        END IF;

        -- Restaurant 12 - Sushi products
    ELSIF p_created_by_id = 13 THEN
        IF p_product_code IN ('R12SUS01', 'R12SUS03') THEN
            SELECT id INTO v_category_id FROM product_category WHERE name = 'Maki Rolls' AND created_by_id = 13;
        ELSIF p_product_code = 'R12SUS02' THEN
            SELECT id INTO v_category_id FROM product_category WHERE name = 'Nigiri' AND created_by_id = 13;
        END IF;
    END IF;

    RETURN v_category_id;
EXCEPTION
    WHEN NO_DATA_FOUND THEN
        RETURN NULL;
END;
/

-- 6. PRODUCT_FEATURE_GROUP
DECLARE
    v_product_code VARCHAR2(20);
BEGIN
    -- Restaurant 1 (3 products × 5 groups = 15)
    FOR i IN 1..3
        LOOP
            v_product_code := 'R1PIZ00' || i;
            INSERT INTO product_feature_group (name, min, max, created_by_id)
            VALUES ('Size_' || v_product_code, 1, 1, 2);
            INSERT INTO product_feature_group (name, min, max, created_by_id)
            VALUES ('Crust_' || v_product_code, 1, 1, 2);
            INSERT INTO product_feature_group (name, min, max, created_by_id)
            VALUES ('Spice_' || v_product_code, 1, 1, 2);
            INSERT INTO product_feature_group (name, min, max, created_by_id)
            VALUES ('Toppings_' || v_product_code, 0, 5, 2);
            INSERT INTO product_feature_group (name, min, max, created_by_id)
            VALUES ('Remove_' || v_product_code, 0, 3, 2);
        END LOOP;

    -- Restaurant 2 (3 products × 4 groups = 12)
    FOR i IN 1..3
        LOOP
            v_product_code := 'R2BRG00' || i;
            INSERT INTO product_feature_group (name, min, max, created_by_id)
            VALUES ('Size_' || v_product_code, 1, 1, 3);
            INSERT INTO product_feature_group (name, min, max, created_by_id)
            VALUES ('Patty_' || v_product_code, 1, 1, 3);
            INSERT INTO product_feature_group (name, min, max, created_by_id)
            VALUES ('Doneness_' || v_product_code, 1, 1, 3);
            INSERT INTO product_feature_group (name, min, max, created_by_id)
            VALUES ('Toppings_' || v_product_code, 0, 4, 3);
        END LOOP;

    -- Restaurant 3 (3 products × 3 groups = 9)
    FOR i IN 1..3
        LOOP
            v_product_code := 'R3BEV00' || i;
            INSERT INTO product_feature_group (name, min, max, created_by_id)
            VALUES ('Size_' || v_product_code, 1, 1, 4);
            INSERT INTO product_feature_group (name, min, max, created_by_id)
            VALUES ('Ice_' || v_product_code, 1, 1, 4);
            INSERT INTO product_feature_group (name, min, max, created_by_id)
            VALUES ('Sugar_' || v_product_code, 1, 1, 4);
        END LOOP;

    -- Restaurant 4 (3 products × 3 groups = 9)
    FOR i IN 1..3
        LOOP
            v_product_code := 'R4SIDE0' || i;
            INSERT INTO product_feature_group (name, min, max, created_by_id)
            VALUES ('Size_' || v_product_code, 1, 1, 5);
            INSERT INTO product_feature_group (name, min, max, created_by_id)
            VALUES ('Cook_' || v_product_code, 1, 1, 5);
            INSERT INTO product_feature_group (name, min, max, created_by_id)
            VALUES ('Dip_' || v_product_code, 0, 2, 5);
        END LOOP;

    -- Restaurant 5 (3 products × 4 groups = 12)
    FOR i IN 1..3
        LOOP
            v_product_code := 'R5PIZ00' || i;
            INSERT INTO product_feature_group (name, min, max, created_by_id)
            VALUES ('Size_' || v_product_code, 1, 1, 6);
            INSERT INTO product_feature_group (name, min, max, created_by_id)
            VALUES ('Crust_' || v_product_code, 1, 1, 6);
            INSERT INTO product_feature_group (name, min, max, created_by_id)
            VALUES ('Spice_' || v_product_code, 1, 1, 6);
            INSERT INTO product_feature_group (name, min, max, created_by_id)
            VALUES ('Toppings_' || v_product_code, 0, 5, 6);
        END LOOP;

    -- Restaurant 6 (3 products × 3 groups = 9)
    FOR i IN 1..3
        LOOP
            v_product_code := 'R6DES00' || i;
            INSERT INTO product_feature_group (name, min, max, created_by_id)
            VALUES ('Size_' || v_product_code, 1, 1, 7);
            INSERT INTO product_feature_group (name, min, max, created_by_id)
            VALUES ('Flavor_' || v_product_code, 1, 1, 7);
            INSERT INTO product_feature_group (name, min, max, created_by_id)
            VALUES ('Toppings_' || v_product_code, 0, 3, 7);
        END LOOP;

    -- Restaurant 7 (3 products × 3 groups = 9)
    FOR i IN 1..3
        LOOP
            v_product_code := 'R7PIZ00' || i;
            INSERT INTO product_feature_group (name, min, max, created_by_id)
            VALUES ('Size_' || v_product_code, 1, 1, 8);
            INSERT INTO product_feature_group (name, min, max, created_by_id)
            VALUES ('Crust_' || v_product_code, 1, 1, 8);
            INSERT INTO product_feature_group (name, min, max, created_by_id)
            VALUES ('Spice_' || v_product_code, 1, 1, 8);
        END LOOP;

    -- Restaurant 8 (3 products × 3 groups = 9)
    FOR i IN 1..3
        LOOP
            v_product_code := 'R8COF00' || i;
            INSERT INTO product_feature_group (name, min, max, created_by_id)
            VALUES ('Size_' || v_product_code, 1, 1, 9);
            INSERT INTO product_feature_group (name, min, max, created_by_id)
            VALUES ('Type_' || v_product_code, 1, 1, 9);
            INSERT INTO product_feature_group (name, min, max, created_by_id)
            VALUES ('Milk_' || v_product_code, 0, 1, 9);
        END LOOP;

    -- Restaurant 9 (3 products × 3 groups = 9)
    FOR i IN 1..3
        LOOP
            v_product_code := 'R9PIZ00' || i;
            INSERT INTO product_feature_group (name, min, max, created_by_id)
            VALUES ('Size_' || v_product_code, 1, 1, 10);
            INSERT INTO product_feature_group (name, min, max, created_by_id)
            VALUES ('Crust_' || v_product_code, 1, 1, 10);
            INSERT INTO product_feature_group (name, min, max, created_by_id)
            VALUES ('Spice_' || v_product_code, 1, 1, 10);
        END LOOP;

    -- Restaurant 10 (3 products × 3 groups = 9)
    FOR i IN 1..3
        LOOP
            v_product_code := 'R10TEA0' || i;
            INSERT INTO product_feature_group (name, min, max, created_by_id)
            VALUES ('Size_' || v_product_code, 1, 1, 11);
            INSERT INTO product_feature_group (name, min, max, created_by_id)
            VALUES ('Ice_' || v_product_code, 1, 1, 11);
            INSERT INTO product_feature_group (name, min, max, created_by_id)
            VALUES ('Sweetener_' || v_product_code, 0, 1, 11);
        END LOOP;

    -- Restaurant 11 (3 products × 3 groups = 9)
    FOR i IN 1..3
        LOOP
            v_product_code := 'R11NOD0' || i;
            INSERT INTO product_feature_group (name, min, max, created_by_id)
            VALUES ('Size_' || v_product_code, 1, 1, 12);
            INSERT INTO product_feature_group (name, min, max, created_by_id)
            VALUES ('Noodle_' || v_product_code, 1, 1, 12);
            INSERT INTO product_feature_group (name, min, max, created_by_id)
            VALUES ('Spice_' || v_product_code, 1, 1, 12);
        END LOOP;

    -- Restaurant 12 (3 products × 3 groups = 9)
    FOR i IN 1..3
        LOOP
            v_product_code := 'R12SUS0' || i;
            INSERT INTO product_feature_group (name, min, max, created_by_id)
            VALUES ('Size_' || v_product_code, 1, 1, 13);
            INSERT INTO product_feature_group (name, min, max, created_by_id)
            VALUES ('Type_' || v_product_code, 1, 1, 13);
            INSERT INTO product_feature_group (name, min, max, created_by_id)
            VALUES ('Dip_' || v_product_code, 0, 2, 13);
        END LOOP;
END;
/

-- 7. PRODUCT_FEATURE_GROUP_FIELD 
DECLARE
    v_created_by     NUMBER;
    v_counter        NUMBER := 0;
    v_max_group_id   NUMBER;
    v_max_feature_id NUMBER;
BEGIN
    SELECT MAX(id) INTO v_max_group_id FROM product_feature_group;
    SELECT MAX(id) INTO v_max_feature_id FROM product_feature;

    FOR rec IN (SELECT id, name, created_by_id FROM product_feature_group ORDER BY id)
        LOOP
            v_created_by := rec.created_by_id;

            DECLARE
                v_product_code VARCHAR2(20);
                v_group_type VARCHAR2(20);
                v_underscore_pos NUMBER;
                v_restaurant_prefix VARCHAR2(10);
            BEGIN
                v_underscore_pos := INSTR(rec.name, '_');
                IF v_underscore_pos > 0 THEN
                    v_group_type := SUBSTR(rec.name, 1, v_underscore_pos - 1);
                    v_product_code := SUBSTR(rec.name, v_underscore_pos + 1);

                    v_restaurant_prefix := SUBSTR(v_product_code, 1, 2);
                END IF;

                IF v_group_type = 'Size' THEN
                    FOR feat IN (SELECT id FROM product_feature
                                 WHERE name IN ('Small', 'Medium', 'Large', 'Regular', 'Personal', 'Family', 'Extra Large')
                                   AND created_by_id = v_created_by
                                   AND code LIKE v_restaurant_prefix || '%')
                        LOOP
                            BEGIN
                                INSERT INTO product_feature_group_field (product_feature_group_id, product_feature_id)
                                VALUES (rec.id, feat.id);
                                v_counter := v_counter + 1;
                            EXCEPTION WHEN DUP_VAL_ON_INDEX THEN NULL;
                            END;
                        END LOOP;

                ELSIF v_group_type = 'Crust' THEN
                    FOR feat IN (SELECT id FROM product_feature
                                 WHERE (name LIKE '%Crust' OR name IN ('Gluten Free', 'Cauliflower', 'Cheese Burst'))
                                   AND created_by_id = v_created_by
                                   AND code LIKE v_restaurant_prefix || '%')
                        LOOP
                            BEGIN
                                INSERT INTO product_feature_group_field (product_feature_group_id, product_feature_id)
                                VALUES (rec.id, feat.id);
                                v_counter := v_counter + 1;
                            EXCEPTION WHEN DUP_VAL_ON_INDEX THEN NULL;
                            END;
                        END LOOP;

                ELSIF v_group_type = 'Spice' THEN
                    FOR feat IN (SELECT id FROM product_feature
                                 WHERE name IN ('Mild', 'Medium Spice', 'Hot', 'Extra Hot', 'No Spice', 'Korean Spicy')
                                   AND created_by_id = v_created_by
                                   AND code LIKE v_restaurant_prefix || '%')
                        LOOP
                            BEGIN
                                INSERT INTO product_feature_group_field (product_feature_group_id, product_feature_id)
                                VALUES (rec.id, feat.id);
                                v_counter := v_counter + 1;
                            EXCEPTION WHEN DUP_VAL_ON_INDEX THEN NULL;
                            END;
                        END LOOP;

                ELSIF v_group_type = 'Toppings' THEN
                    FOR feat IN (SELECT id FROM product_feature
                                 WHERE name LIKE 'Extra%'
                                   AND created_by_id = v_created_by
                                   AND code LIKE v_restaurant_prefix || '%')
                        LOOP
                            BEGIN
                                INSERT INTO product_feature_group_field (product_feature_group_id, product_feature_id)
                                VALUES (rec.id, feat.id);
                                v_counter := v_counter + 1;
                            EXCEPTION WHEN DUP_VAL_ON_INDEX THEN NULL;
                            END;
                        END LOOP;

                ELSIF v_group_type = 'Remove' THEN
                    FOR feat IN (SELECT id FROM product_feature
                                 WHERE name IN ('No Onion', 'No Garlic', 'No Cheese')
                                   AND created_by_id = v_created_by
                                   AND code LIKE v_restaurant_prefix || '%')
                        LOOP
                            BEGIN
                                INSERT INTO product_feature_group_field (product_feature_group_id, product_feature_id)
                                VALUES (rec.id, feat.id);
                                v_counter := v_counter + 1;
                            EXCEPTION WHEN DUP_VAL_ON_INDEX THEN NULL;
                            END;
                        END LOOP;

                ELSIF v_group_type = 'Patty' THEN
                    FOR feat IN (SELECT id FROM product_feature
                                 WHERE name LIKE '%Patty'
                                   AND created_by_id = v_created_by
                                   AND code LIKE v_restaurant_prefix || '%')
                        LOOP
                            BEGIN
                                INSERT INTO product_feature_group_field (product_feature_group_id, product_feature_id)
                                VALUES (rec.id, feat.id);
                                v_counter := v_counter + 1;
                            EXCEPTION WHEN DUP_VAL_ON_INDEX THEN NULL;
                            END;
                        END LOOP;

                ELSIF v_group_type IN ('Doneness', 'Cook') THEN
                    FOR feat IN (SELECT id FROM product_feature
                                 WHERE name IN ('Well Done', 'Regular Cook', 'Light Cook')
                                   AND created_by_id = v_created_by
                                   AND code LIKE v_restaurant_prefix || '%')
                        LOOP
                            BEGIN
                                INSERT INTO product_feature_group_field (product_feature_group_id, product_feature_id)
                                VALUES (rec.id, feat.id);
                                v_counter := v_counter + 1;
                            EXCEPTION WHEN DUP_VAL_ON_INDEX THEN NULL;
                            END;
                        END LOOP;

                ELSIF v_group_type IN ('Ice', 'Sugar', 'Sweetener') THEN
                    FOR feat IN (SELECT id FROM product_feature
                                 WHERE (name LIKE '%Ice%' OR name LIKE '%Sugar%' OR name IN ('Honey', 'Lemon Slice', 'Mint Leaves'))
                                   AND created_by_id = v_created_by
                                   AND code LIKE v_restaurant_prefix || '%')
                        LOOP
                            BEGIN
                                INSERT INTO product_feature_group_field (product_feature_group_id, product_feature_id)
                                VALUES (rec.id, feat.id);
                                v_counter := v_counter + 1;
                            EXCEPTION WHEN DUP_VAL_ON_INDEX THEN NULL;
                            END;
                        END LOOP;

                ELSIF v_group_type = 'Flavor' THEN
                    FOR feat IN (SELECT id FROM product_feature
                                 WHERE name IN ('Vanilla', 'Chocolate', 'Strawberry')
                                   AND created_by_id = v_created_by
                                   AND code LIKE v_restaurant_prefix || '%')
                        LOOP
                            BEGIN
                                INSERT INTO product_feature_group_field (product_feature_group_id, product_feature_id)
                                VALUES (rec.id, feat.id);
                                v_counter := v_counter + 1;
                            EXCEPTION WHEN DUP_VAL_ON_INDEX THEN NULL;
                            END;
                        END LOOP;

                ELSIF v_group_type = 'Noodle' THEN
                    FOR feat IN (SELECT id FROM product_feature
                                 WHERE name IN ('Egg Noodles', 'Rice Noodles')
                                   AND created_by_id = v_created_by
                                   AND code LIKE v_restaurant_prefix || '%')
                        LOOP
                            BEGIN
                                INSERT INTO product_feature_group_field (product_feature_group_id, product_feature_id)
                                VALUES (rec.id, feat.id);
                                v_counter := v_counter + 1;
                            EXCEPTION WHEN DUP_VAL_ON_INDEX THEN NULL;
                            END;
                        END LOOP;

                ELSIF v_group_type = 'Type' THEN
                    FOR feat IN (SELECT id FROM product_feature
                                 WHERE name IN ('Espresso Shot', 'Double Espresso', 'Maki Rolls', 'Nigiri')
                                   AND created_by_id = v_created_by
                                   AND code LIKE v_restaurant_prefix || '%')
                        LOOP
                            BEGIN
                                INSERT INTO product_feature_group_field (product_feature_group_id, product_feature_id)
                                VALUES (rec.id, feat.id);
                                v_counter := v_counter + 1;
                            EXCEPTION WHEN DUP_VAL_ON_INDEX THEN NULL;
                            END;
                        END LOOP;

                ELSIF v_group_type = 'Milk' THEN
                    FOR feat IN (SELECT id FROM product_feature
                                 WHERE name IN ('Soy Milk', 'Oat Milk', 'Almond Milk')
                                   AND created_by_id = v_created_by
                                   AND code LIKE v_restaurant_prefix || '%')
                        LOOP
                            BEGIN
                                INSERT INTO product_feature_group_field (product_feature_group_id, product_feature_id)
                                VALUES (rec.id, feat.id);
                                v_counter := v_counter + 1;
                            EXCEPTION WHEN DUP_VAL_ON_INDEX THEN NULL;
                            END;
                        END LOOP;

                ELSIF v_group_type = 'Dip' THEN
                    FOR feat IN (SELECT id FROM product_feature
                                 WHERE name IN ('Soy Sauce', 'Wasabi', 'Ginger')
                                   AND created_by_id = v_created_by
                                   AND code LIKE v_restaurant_prefix || '%')
                        LOOP
                            BEGIN
                                INSERT INTO product_feature_group_field (product_feature_group_id, product_feature_id)
                                VALUES (rec.id, feat.id);
                                v_counter := v_counter + 1;
                            EXCEPTION WHEN DUP_VAL_ON_INDEX THEN NULL;
                            END;
                        END LOOP;
                END IF;
            END;
        END LOOP;

    DBMS_OUTPUT.PUT_LINE('PRODUCT_FEATURE_GROUP_FIELD records inserted: ' || v_counter);
END;
/

-- 8. PRODUCT_ATTRIBUTE
DECLARE
    v_product_code   VARCHAR2(20);
    v_created_by     NUMBER;
    v_counter        NUMBER := 0;
    v_max_product_id NUMBER;
    v_max_group_id   NUMBER;
BEGIN
    SELECT MAX(id) INTO v_max_product_id FROM product;
    SELECT MAX(id) INTO v_max_group_id FROM product_feature_group;

    FOR prod IN (SELECT id, code, created_by_id FROM product)
        LOOP
            v_product_code := prod.code;
            v_created_by := prod.created_by_id;

            FOR grp IN (SELECT id
                        FROM product_feature_group
                        WHERE name LIKE '%' || v_product_code || '%'
                          AND created_by_id = v_created_by)
                LOOP
                    BEGIN
                        INSERT INTO product_attribute (product_id, product_feature_group_id)
                        VALUES (prod.id, grp.id);
                        v_counter := v_counter + 1;
                    EXCEPTION
                        WHEN DUP_VAL_ON_INDEX THEN NULL;
                    END;
                END LOOP;
        END LOOP;

--     FOR i IN 1..200
--         LOOP
--             DECLARE
--                 v_pid      NUMBER := MOD(i, v_max_product_id) + 1;
--                 v_gid      NUMBER := MOD(i, v_max_group_id) + 1;
--                 v_p_exists NUMBER;
--                 v_g_exists NUMBER;
--             BEGIN
--                 SELECT COUNT(*) INTO v_p_exists FROM product WHERE id = v_pid;
--                 SELECT COUNT(*) INTO v_g_exists FROM product_feature_group WHERE id = v_gid;
--
--                 IF v_p_exists > 0 AND v_g_exists > 0 THEN
--                     INSERT INTO product_attribute (product_id, product_feature_group_id)
--                     VALUES (v_pid, v_gid);
--                 END IF;
--             END;
--         END LOOP;
END;
/

-- 9. PRODUCT_CATEGORY_CLASSIFICATION
DECLARE
    v_category_id     NUMBER;
    v_created_by      NUMBER;
    v_counter         NUMBER := 0;
    v_max_product_id  NUMBER;
    v_max_category_id NUMBER;
BEGIN
    SELECT MAX(id) INTO v_max_product_id FROM product;
    SELECT MAX(id) INTO v_max_category_id FROM product_category;

    FOR prod IN (SELECT id, code, created_by_id FROM product)
        LOOP
            v_created_by := prod.created_by_id;

            v_category_id := get_product_category_id(prod.code, v_created_by);

            IF v_category_id IS NOT NULL THEN
                BEGIN
                    INSERT INTO product_category_classification
                    (product_id, product_category_id, from_date, thru_date, is_primary)
                    VALUES
                        (prod.id, v_category_id, CURRENT_TIMESTAMP, NULL, TRUE);
                    v_counter := v_counter + 1;
                EXCEPTION
                    WHEN DUP_VAL_ON_INDEX THEN
                        NULL; 
                END;

                FOR parent_cat IN (
                    SELECT pc.id
                    FROM product_category pc
                    START WITH pc.id = v_category_id
                    CONNECT BY PRIOR pc.PARENT = pc.id
                           AND LEVEL > 1
                    ) LOOP
                        BEGIN
                            INSERT INTO product_category_classification
                            (product_id, product_category_id, from_date, thru_date, is_primary)
                            VALUES
                                (prod.id, parent_cat.id, CURRENT_TIMESTAMP, NULL, FALSE);
                            v_counter := v_counter + 1;
                        EXCEPTION
                            WHEN DUP_VAL_ON_INDEX THEN
                                NULL;
                        END;
                    END LOOP;
            END IF;
        END LOOP;

    DBMS_OUTPUT.PUT_LINE('PRODUCT_CATEGORY_CLASSIFICATION records inserted: ' || v_counter);
END;
/

-- 10. MENU_ITEM
DECLARE
    v_group_id          NUMBER;
    v_max_product_id    NUMBER;
    v_max_restaurant_id NUMBER;
    v_max_group_id      NUMBER;
BEGIN
    SELECT MAX(id) INTO v_max_product_id FROM product;
    SELECT MAX(id) INTO v_max_restaurant_id FROM restaurant;
    SELECT MAX(id) INTO v_max_group_id FROM menu_item_group;

    FOR rest IN (SELECT id, created_by_id FROM restaurant)
        LOOP
            BEGIN
                SELECT id
                INTO v_group_id
                FROM menu_item_group
                WHERE name = (
                    CASE rest.created_by_id
                        WHEN 2 THEN 'Pizzas'
                        WHEN 3 THEN 'Burgers'
                        WHEN 4 THEN 'Beverages'
                        WHEN 5 THEN 'Sides'
                        WHEN 6 THEN 'Pizzas'
                        WHEN 7 THEN 'Desserts'
                        WHEN 8 THEN 'Pizzas'
                        WHEN 9 THEN 'Coffee'
                        WHEN 10 THEN 'Pizzas'
                        WHEN 11 THEN 'Tea'
                        WHEN 12 THEN 'Noodles'
                        WHEN 13 THEN 'Sushi'
                        END
                    );
            EXCEPTION
                WHEN NO_DATA_FOUND THEN
                    v_group_id := 1;
            END;

            FOR prod IN (SELECT id FROM product WHERE created_by_id = rest.created_by_id)
                LOOP
                    BEGIN
                        INSERT INTO menu_item (product_id, restaurant_id, group_id, is_unavailable, from_date,
                                               thru_date)
                        VALUES (prod.id, rest.id, v_group_id, FALSE, DATE '2024-01-01', NULL);
                    EXCEPTION
                        WHEN DUP_VAL_ON_INDEX THEN NULL;
                    END;
                END LOOP;
        END LOOP;
END;
/

-- COUNT for each Tables
SELECT 'RESTAURANT' AS table_name, COUNT(*) AS record_count
FROM RESTAURANT
UNION ALL
SELECT 'MENU_ITEM_GROUP', COUNT(*)
FROM MENU_ITEM_GROUP
UNION ALL
SELECT 'PRODUCT', COUNT(*)
FROM PRODUCT
UNION ALL
SELECT 'PRODUCT_CATEGORY', COUNT(*)
FROM PRODUCT_CATEGORY
UNION ALL
SELECT 'PRODUCT_FEATURE', COUNT(*)
FROM PRODUCT_FEATURE
UNION ALL
SELECT 'PRODUCT_FEATURE_GROUP', COUNT(*)
FROM PRODUCT_FEATURE_GROUP
UNION ALL
SELECT 'PRODUCT_FEATURE_GROUP_FIELD', COUNT(*)
FROM PRODUCT_FEATURE_GROUP_FIELD
UNION ALL
SELECT 'PRODUCT_ATTRIBUTE', COUNT(*)
FROM PRODUCT_ATTRIBUTE
UNION ALL
SELECT 'PRODUCT_CATEGORY_CLASSIFICATION', COUNT(*)
FROM PRODUCT_CATEGORY_CLASSIFICATION
UNION ALL
SELECT 'MENU_ITEM', COUNT(*)
FROM MENU_ITEM
ORDER BY table_name;